metric,wape,mae,n_days
paid_hours,0.19551755572021337,168.56448307640653,50
headcount_total,0.2210412147505423,20.38,50
kmen_total,0.32424942263279444,14.04,50
agency_total,0.15980629539951574,7.92,50
day_shift_total,0.20754716981132076,12.76,50
night_shift_total,0.28266494178525226,8.74,50
productive_workers,0.31455364217094894,12.320017651695501,50
