metric,wape,mae,n_days
paid_hours,0.1871094358011756,164.46251158938642,49
headcount,0.22015790446998376,20.69484302017847,49
productive_hours,0.2634642120083707,78.27174844222884,49
productive_workers,0.2939728699008847,13.912716026533706,49
