target,model,wape,bias,mae,n_windows
loaded_orders_nunique,baseline,0.08394398121492896,-0.03547788669864054,57.33793636885723,8
loaded_orders_nunique,internal,0.08628256929241492,-0.0373678766267804,58.935308955184006,8
trips_total,internal,0.10225140170966199,-0.059544466352990565,7.980721903439118,8
trips_total,baseline,0.1164481812872123,-0.07570390256010884,9.08878054946692,8
loaded_gross_tons,internal,0.16052554750291054,-0.12838552692562483,143.01429774456273,8
loaded_gross_tons,baseline,0.17960003820106146,-0.1454870566364616,160.0080095522224,8
binhits,internal,0.20668331171230298,-0.15325999141103236,537.1363411021222,8
binhits,baseline,0.45570854604692573,-0.02150691068300795,1184.3124585372275,8
